Timestamp,User Count,Type,Name,Requests/s,Failures/s,50%,66%,75%,80%,90%,95%,98%,99%,99.9%,99.99%,100%,Total Request Count,Total Failure Count,Total Median Response Time,Total Average Response Time,Total Min Response Time,Total Max Response Time,Total Average Content Size
1776695107,0,,Aggregated,0.000000,0.000000,N/A,N/A,N/A,N/A,N/A,N/A,N/A,N/A,N/A,N/A,N/A,0,0,0,0.0,0,0,0
1776695108,5,,Aggregated,0.000000,0.000000,330,340,340,350,350,350,350,350,350,350,350,10,0,53,194.74582999828272,42.08700003800914,352.72450000047684,502.9
1776695109,15,,Aggregated,0.000000,0.000000,330,350,420,470,580,600,600,600,600,600,600,20,0,200.0,262.1709699917119,42.08700003800914,601.0380999650806,503.45
1776695110,20,,Aggregated,0.000000,0.000000,330,350,470,490,540,580,600,600,600,600,600,30,0,210.0,289.2744766587081,42.08700003800914,601.0380999650806,504.03333333333336
1776695111,20,,Aggregated,10.000000,0.000000,330,470,500,540,600,620,680,680,680,680,680,40,0,260.0,315.4829849896487,42.08700003800914,684.5012999838218,504.3
1776695112,20,,Aggregated,10.000000,0.000000,340,490,540,580,680,3900,4400,4400,4400,4400,4400,44,0,340.0,653.4847977190194,42.08700003800914,4359.689400007483,904.2272727272727
1776695113,20,,Aggregated,10.000000,0.000000,340,490,540,600,3700,4100,4800,4800,4800,4800,4800,45,0,340.0,745.1594688813202,42.08700003800914,4778.845000022557,992.9777777777778
1776695114,20,,Aggregated,9.750000,0.000000,350,500,560,600,3900,4400,5300,5300,5300,5300,5300,46,0,340.0,844.5035434712696,42.08700003800914,5314.986900018994,1077.9347826086957
1776695115,20,,Aggregated,8.800000,0.000000,350,510,600,620,4400,5300,6300,6300,6300,6300,6300,48,0,350.0,1064.719074992657,42.08700003800914,6262.988600006793,1237.1458333333333
1776695116,20,,Aggregated,6.571429,0.000000,470,600,3900,4800,5800,6400,6400,6900,6900,6900,6900,55,0,470.0,1680.5975999926557,42.08700003800914,6876.785599975847,1703.7272727272727
1776695117,20,,Aggregated,6.000000,0.000000,500,3700,4800,5300,6000,6400,6500,6900,6900,6900,6900,61,0,500.0,2079.491668846458,42.08700003800914,6876.785599975847,2018.4590163934427
1776695118,20,,Aggregated,6.000000,0.000000,500,3700,4800,5300,6000,6400,6500,6900,6900,6900,6900,61,0,500.0,2079.491668846458,42.08700003800914,6876.785599975847,2018.4590163934427
1776695119,20,,Aggregated,5.888889,0.000000,510,3900,4800,5300,6000,6400,6500,6900,6900,6900,6900,63,0,510.0,2155.371955549714,42.08700003800914,6876.785599975847,2109.904761904762
1776695120,20,,Aggregated,6.000000,0.000000,540,4100,5000,5400,6000,6400,6500,6900,6900,6900,6900,65,0,540.0,2251.21292460871,42.08700003800914,6876.785599975847,2195.846153846154
1776695121,20,,Aggregated,5.100000,0.000000,540,4300,5000,5300,6000,6400,6500,6900,6900,6900,6900,66,0,540.0,2294.722821205417,42.08700003800914,6876.785599975847,2236.818181818182
1776695122,20,,Aggregated,3.500000,0.000000,560,4400,5100,5400,6000,6400,6500,6900,6900,6900,6900,68,0,540.0,2383.2877411709087,42.08700003800914,6876.785599975847,2315.1323529411766
1776695123,20,,Aggregated,3.500000,0.000000,560,4400,5100,5400,6000,6400,6500,6900,6900,6900,6900,68,0,540.0,2383.2877411709087,42.08700003800914,6876.785599975847,2315.1323529411766
1776695124,20,,Aggregated,2.300000,0.000000,620,5000,5800,6000,6200,6400,6500,6900,6900,6900,6900,77,0,620.0,2816.3093973976233,42.08700003800914,6876.785599975847,2617.4025974025976
1776695125,20,,Aggregated,2.300000,0.000000,4100,5100,5800,6000,6200,6400,6700,6900,6900,6900,6900,84,0,3900.0,3021.0250642807555,42.08700003800914,6876.785599975847,2807.9523809523807
1776695126,20,,Aggregated,2.300000,0.000000,3900,5000,5800,6000,6200,6400,6700,6900,6900,6900,6900,87,0,3900.0,3019.067031030286,42.08700003800914,6876.785599975847,2880.1954022988507
1776695127,20,,Aggregated,2.300000,0.000000,3900,5000,5800,6000,6200,6400,6700,6900,6900,6900,6900,87,0,3900.0,3019.067031030286,42.08700003800914,6876.785599975847,2880.1954022988507
1776695128,20,,Aggregated,2.300000,0.000000,3900,5000,5800,6000,6200,6400,6700,6900,6900,6900,6900,87,0,3900.0,3019.067031030286,42.08700003800914,6876.785599975847,2880.1954022988507
1776695129,20,,Aggregated,2.700000,0.000000,3900,5000,5800,6000,6200,6400,6700,6900,6900,6900,6900,88,0,3900.0,3029.6803988597026,42.08700003800914,6876.785599975847,2903.181818181818
1776695130,20,,Aggregated,2.600000,0.000000,4000,5000,5600,6000,6200,6400,6700,6900,6900,6900,6900,90,0,3900.0,3062.3269999962454,42.08700003800914,6876.785599975847,2947.5666666666666
1776695131,20,,Aggregated,2.600000,0.000000,4000,5000,5600,5900,6200,6400,6700,6900,6900,6900,6900,91,0,4000.0,3083.5872934031004,42.08700003800914,6876.785599975847,2969.098901098901
1776695132,20,,Aggregated,2.400000,0.000000,4300,5100,5800,6000,6200,6400,6700,6900,6900,6900,6900,95,0,4300.0,3208.776945259275,42.08700003800914,6876.785599975847,3050.536842105263
1776695133,20,,Aggregated,2.500000,0.000000,4500,5400,6000,6100,6400,6500,6700,6800,6900,6900,6900,103,0,4500.0,3453.347803879579,42.08700003800914,6876.785599975847,3194.252427184466
1776695134,20,,Aggregated,2.500000,0.000000,4700,5600,6000,6100,6400,6600,6700,6800,6900,6900,6900,107,0,4700.0,3550.8057588752727,42.08700003800914,6876.785599975847,3258.158878504673
1776695135,20,,Aggregated,3.200000,0.000000,4500,5600,6000,6100,6400,6600,6700,6800,6900,6900,6900,111,0,4500.0,3547.3310972940435,42.08700003800914,6876.785599975847,3317.4234234234236
1776695136,20,,Aggregated,3.200000,0.000000,4500,5600,6000,6100,6400,6600,6700,6800,6900,6900,6900,111,0,4500.0,3547.3310972940435,42.08700003800914,6876.785599975847,3317.4234234234236
1776695137,20,,Aggregated,3.300000,0.000000,4500,5600,6000,6100,6400,6600,6700,6800,6900,6900,6900,112,0,4400.0,3545.740036604132,42.08700003800914,6876.785599975847,3331.6160714285716
1776695138,20,,Aggregated,2.500000,0.000000,4400,5600,6000,6100,6400,6600,6700,6800,6900,6900,6900,113,0,4400.0,3547.994348669705,42.08700003800914,6876.785599975847,3345.4601769911505
1776695139,20,,Aggregated,2.500000,0.000000,4400,5400,6000,6100,6400,6600,6700,6800,6900,6900,6900,117,0,4400.0,3583.2926179456495,42.08700003800914,6876.785599975847,3398.6324786324785
1776695140,20,,Aggregated,2.600000,0.000000,4600,5400,6000,6100,6400,6600,6700,6800,6900,6900,6900,120,0,4500.0,3621.956350830927,42.08700003800914,6876.785599975847,3436.133333333333
1776695141,20,,Aggregated,2.900000,0.000000,4700,5400,5800,6100,6400,6500,6700,6800,6900,6900,6900,125,0,4700.0,3691.9572983970866,42.08700003800914,6876.785599975847,3494.84
1776695142,20,,Aggregated,2.900000,0.000000,4800,5500,5900,6000,6400,6500,6700,6800,6900,6900,6900,128,0,4800.0,3742.836749216167,42.08700003800914,6876.785599975847,3527.90625
1776695143,20,,Aggregated,3.000000,0.000000,4800,5500,5900,6000,6300,6500,6700,6800,6900,6900,6900,131,0,4800.0,3774.185075570353,42.08700003800914,6876.785599975847,3559.389312977099
1776695144,20,,Aggregated,3.400000,0.000000,4800,5500,5900,6000,6300,6500,6700,6800,6900,6900,6900,132,0,4800.0,3782.6399484827452,42.08700003800914,6876.785599975847,3569.598484848485
1776695145,20,,Aggregated,2.900000,0.000000,4800,5400,5800,6000,6300,6500,6700,6800,6900,6900,6900,136,0,4700.0,3796.858549998005,42.08700003800914,6876.785599975847,3608.7426470588234
1776695146,20,,Aggregated,2.900000,0.000000,4700,5400,5800,6000,6300,6500,6700,6800,6900,6900,6900,138,0,4700.0,3804.8564152154345,42.08700003800914,6876.785599975847,3627.4347826086955
1776695147,20,,Aggregated,2.400000,0.000000,4700,5400,5800,6000,6300,6500,6700,6800,6900,6900,6900,139,0,4700.0,3813.8835273361465,42.08700003800914,6876.785599975847,3636.5755395683454
1776695148,20,,Aggregated,2.700000,0.000000,4800,5400,5800,6000,6300,6400,6700,6800,6900,6900,6900,142,0,4700.0,3840.704430984235,42.08700003800914,6876.785599975847,3663.281690140845
1776695149,20,,Aggregated,2.700000,0.000000,4800,5400,5800,6000,6300,6400,6700,6800,6900,6900,6900,145,0,4800.0,3873.534497928982,42.08700003800914,6876.785599975847,3688.9862068965517
1776695150,20,,Aggregated,2.700000,0.000000,4800,5500,5800,6000,6300,6400,6700,6800,6900,6900,6900,147,0,4800.0,3904.5416918352757,42.08700003800914,6876.785599975847,3705.5646258503402
1776695151,20,,Aggregated,2.700000,0.000000,4800,5500,5800,6000,6300,6500,6700,6800,6900,6900,6900,151,0,4800.0,3952.726774832807,42.08700003800914,6876.785599975847,3737.245033112583
1776695152,20,,Aggregated,2.800000,0.000000,4900,5600,5800,6000,6300,6500,6700,6800,6900,6900,6900,157,0,4900.0,4004.2077305717066,42.08700003800914,6876.785599975847,3781.751592356688
1776695153,20,,Aggregated,2.800000,0.000000,4900,5600,5800,6000,6300,6500,6700,6800,6900,6900,6900,158,0,4900.0,4013.600517087174,42.08700003800914,6876.785599975847,3788.8101265822784
1776695154,20,,Aggregated,2.900000,0.000000,4900,5500,5800,6000,6300,6500,6700,6800,6900,6900,6900,160,0,4900.0,4026.938287498342,42.08700003800914,6876.785599975847,3802.69375
1776695155,20,,Aggregated,2.800000,0.000000,4900,5500,5800,6000,6300,6400,6700,6800,6900,6900,6900,162,0,4800.0,4036.137371603543,42.08700003800914,6876.785599975847,3816.3086419753085
1776695156,20,,Aggregated,2.900000,0.000000,4900,5500,5800,6000,6300,6400,6700,6800,6900,6900,6900,165,0,4900.0,4061.2506212112776,42.08700003800914,6876.785599975847,3836.0545454545454
1776695157,20,,Aggregated,2.800000,0.000000,4900,5600,5800,6000,6300,6400,6700,6800,6900,6900,6900,166,0,4900.0,4072.0496566258566,42.08700003800914,6876.785599975847,3842.512048192771
1776695158,20,,Aggregated,2.500000,0.000000,5000,5600,5800,6000,6300,6400,6700,6800,6900,6900,6900,173,0,5000.0,4126.075991906489,42.08700003800914,6876.785599975847,3885.416184971098
1776695159,20,,Aggregated,2.600000,0.000000,5000,5600,5800,6000,6300,6400,6700,6800,6900,6900,6900,174,0,5000.0,4135.036698849631,42.08700003800914,6876.785599975847,3891.235632183908
1776695160,20,,Aggregated,2.700000,0.000000,5000,5600,5800,6000,6300,6400,6700,6800,6900,6900,6900,178,0,5000.0,4159.90588483054,42.08700003800914,6876.785599975847,3913.8932584269664
1776695161,20,,Aggregated,3.000000,0.000000,5000,5600,5800,6000,6200,6400,6700,6800,6900,6900,6900,182,0,5000.0,4189.672763186256,42.08700003800914,6876.785599975847,3935.6483516483518
1776695162,20,,Aggregated,3.000000,0.000000,5000,5600,5800,6000,6200,6400,6700,6800,6900,6900,6900,182,0,5000.0,4189.672763186256,42.08700003800914,6876.785599975847,3935.6483516483518
1776695163,20,,Aggregated,2.900000,0.000000,5000,5600,5800,6000,6200,6400,6700,6800,6900,6900,6900,183,0,5000.0,4197.023713660663,42.08700003800914,6876.785599975847,3940.907103825137
1776695164,20,,Aggregated,2.800000,0.000000,5000,5600,5800,6000,6200,6400,6700,6800,6900,6900,6900,185,0,5000.0,4216.317228107663,42.08700003800914,6876.785599975847,3951.318918918919
1776695165,20,,Aggregated,2.400000,0.000000,5100,5600,5800,6000,6300,6400,6700,6800,6900,6900,6900,191,0,5100.0,4264.19500628223,42.08700003800914,6876.785599975847,3981.2356020942407
1776695166,20,,Aggregated,2.400000,0.000000,5100,5600,5800,6000,6300,6400,6700,6800,6900,6900,6900,193,0,5100.0,4276.804392745687,42.08700003800914,6876.785599975847,3990.79274611399
1776695167,20,,Aggregated,2.400000,0.000000,5100,5600,5800,6000,6300,6400,6700,6800,6900,6900,6900,199,0,5100.0,4309.998474371661,42.08700003800914,6876.785599975847,4018.2261306532664
1776695168,20,,Aggregated,2.800000,0.000000,5100,5600,5800,6000,6200,6400,6600,6700,6900,6900,6900,202,0,5100.0,4319.951778712872,42.08700003800914,6876.785599975847,4031.3564356435645
1776695169,20,,Aggregated,2.800000,0.000000,5100,5600,5800,6000,6200,6400,6600,6700,6900,6900,6900,202,0,5100.0,4319.951778712872,42.08700003800914,6876.785599975847,4031.3564356435645
1776695170,20,,Aggregated,3.200000,0.000000,5100,5600,5800,6000,6200,6400,6600,6700,6900,6900,6900,203,0,5100.0,4323.402276847298,42.08700003800914,6876.785599975847,4035.6354679802957
1776695171,20,,Aggregated,2.900000,0.000000,5100,5600,5800,6000,6200,6400,6600,6700,6900,6900,6900,208,0,5100.0,4336.791517307574,42.08700003800914,6876.785599975847,4056.4951923076924
1776695172,20,,Aggregated,2.800000,0.000000,5100,5600,5700,6000,6200,6400,6600,6700,6900,6900,6900,209,0,5100.0,4338.1299105262315,42.08700003800914,6876.785599975847,4060.5263157894738
1776695173,20,,Aggregated,2.600000,0.000000,5100,5600,5700,5900,6200,6400,6600,6700,6900,6900,6900,214,0,5100.0,4359.4408803736405,42.08700003800914,6876.785599975847,4080.1869158878503
1776695174,20,,Aggregated,2.600000,0.000000,5100,5600,5700,5900,6200,6400,6600,6700,6900,6900,6900,218,0,5100.0,4370.866645412966,42.08700003800914,6876.785599975847,4095.298165137615
1776695175,20,,Aggregated,2.800000,0.000000,5100,5500,5700,5900,6200,6400,6600,6700,6900,6900,6900,222,0,5100.0,4384.7986851351625,42.08700003800914,6876.785599975847,4109.81981981982
1776695176,20,,Aggregated,2.800000,0.000000,5100,5500,5700,5900,6200,6400,6600,6700,6900,6900,6900,222,0,5100.0,4384.7986851351625,42.08700003800914,6876.785599975847,4109.81981981982
1776695177,20,,Aggregated,3.400000,0.000000,5100,5500,5700,5900,6200,6400,6600,6700,6900,6900,6900,225,0,5100.0,4384.174019111217,42.08700003800914,6876.785599975847,4120.422222222222
1776695178,20,,Aggregated,3.100000,0.000000,5100,5500,5700,5900,6200,6400,6600,6700,6900,6900,6900,226,0,5100.0,4386.4378199116245,42.08700003800914,6876.785599975847,4123.907079646017
1776695179,20,,Aggregated,2.600000,0.000000,5100,5500,5700,5900,6200,6400,6600,6700,6900,6900,6900,229,0,5100.0,4392.951481222474,42.08700003800914,6876.785599975847,4134.043668122271
1776695180,20,,Aggregated,2.600000,0.000000,5100,5500,5700,5900,6200,6400,6600,6700,6900,6900,6900,230,0,5100.0,4396.351606086777,42.08700003800914,6876.785599975847,4137.378260869566
1776695181,20,,Aggregated,2.500000,0.000000,5100,5500,5700,5900,6200,6400,6600,6700,6900,6900,6900,235,0,5100.0,4421.829842978672,42.08700003800914,6876.785599975847,4153.63829787234
1776695182,20,,Aggregated,2.700000,0.000000,5100,5500,5700,5900,6200,6400,6600,6700,6900,6900,6900,241,0,5100.0,4453.905014522882,42.08700003800914,6876.785599975847,4172.278008298756
1776695183,20,,Aggregated,2.500000,0.000000,5100,5500,5700,5900,6200,6400,6600,6700,6900,6900,6900,245,0,5100.0,4460.393416734735,42.08700003800914,6876.785599975847,4184.248979591836
1776695184,20,,Aggregated,2.900000,0.000000,5100,5500,5700,5900,6200,6400,6600,6700,6900,6900,6900,246,0,5100.0,4456.788702439176,42.08700003800914,6876.785599975847,4187.142276422765
1776695185,20,,Aggregated,3.200000,0.000000,5100,5500,5700,5900,6200,6400,6600,6700,6900,6900,6900,248,0,5100.0,4456.781841532398,42.08700003800914,6876.785599975847,4192.879032258064
1776695186,20,,Aggregated,3.100000,0.000000,5100,5500,5700,5900,6200,6400,6600,6700,6900,6900,6900,250,0,5100.0,4455.554989600088,42.08700003800914,6876.785599975847,4198.572
1776695187,20,,Aggregated,2.600000,0.000000,5100,5500,5700,5900,6200,6400,6600,6700,6900,6900,6900,251,0,5100.0,4456.147416732952,42.08700003800914,6876.785599975847,4201.398406374502
1776695188,20,,Aggregated,2.600000,0.000000,5100,5500,5700,5900,6200,6400,6600,6700,6900,6900,6900,253,0,5100.0,4463.110132015443,42.08700003800914,6876.785599975847,4206.932806324111
1776695189,20,,Aggregated,2.800000,0.000000,5100,5500,5700,5900,6200,6400,6600,6700,6900,6900,6900,256,0,5100.0,4475.996571874703,42.08700003800914,6876.785599975847,4215.078125
1776695190,20,,Aggregated,2.600000,0.000000,5100,5500,5700,5900,6200,6400,6600,6700,6900,6900,6900,262,0,5100.0,4504.567975953944,42.08700003800914,6876.785599975847,4230.8511450381675
1776695191,20,,Aggregated,2.700000,0.000000,5100,5500,5700,5900,6200,6400,6600,6700,6900,6900,6900,268,0,5100.0,4517.436914551663,42.08700003800914,6876.785599975847,4245.832089552238
1776695192,20,,Aggregated,2.800000,0.000000,5100,5500,5700,5900,6200,6400,6600,6700,6900,6900,6900,270,0,5100.0,4517.423461110297,42.08700003800914,6876.785599975847,4250.7
1776695193,20,,Aggregated,3.300000,0.000000,5100,5500,5700,5900,6200,6400,6600,6700,6900,6900,6900,271,0,5100.0,4514.876169740864,42.08700003800914,6876.785599975847,4253.125461254613
1776695194,20,,Aggregated,3.300000,0.000000,5100,5500,5700,5900,6200,6400,6600,6700,6900,6900,6900,271,0,5100.0,4514.876169740864,42.08700003800914,6876.785599975847,4253.125461254613
1776695195,20,,Aggregated,2.800000,0.000000,5100,5500,5700,5900,6200,6400,6600,6700,6900,6900,6900,272,0,5100.0,4514.566038234454,42.08700003800914,6876.785599975847,4255.529411764706
1776695196,20,,Aggregated,2.600000,0.000000,5100,5500,5700,5900,6200,6400,6600,6700,6900,6900,6900,277,0,5100.0,4527.084709385735,42.08700003800914,6876.785599975847,4267.162454873646
1776695197,20,,Aggregated,2.500000,0.000000,5100,5500,5700,5900,6200,6400,6600,6700,6900,6900,6900,280,0,5100.0,4538.087853928197,42.08700003800914,6876.785599975847,4273.992857142857
1776695198,20,,Aggregated,2.400000,0.000000,5100,5500,5700,5900,6200,6400,6600,6700,6900,6900,6900,283,0,5100.0,4546.158508833476,42.08700003800914,6876.785599975847,4280.657243816255
1776695199,20,,Aggregated,2.700000,0.000000,5100,5500,5700,5900,6200,6400,6600,6700,6900,6900,6900,286,0,5100.0,4557.028284265458,42.08700003800914,6876.785599975847,4287.143356643357
1776695200,20,,Aggregated,3.000000,0.000000,5100,5500,5700,5900,6200,6400,6600,6700,6900,6900,6900,289,0,5100.0,4573.878233217889,42.08700003800914,6876.785599975847,4293.553633217993
1776695202,20,,Aggregated,2.900000,0.000000,5100,5500,5700,5900,6200,6400,6600,6700,6900,6900,6900,291,0,5100.0,4584.448395532362,42.08700003800914,6876.785599975847,4297.73883161512
1776695203,20,,Aggregated,2.900000,0.000000,5200,5500,5700,5900,6200,6400,6600,6700,6900,6900,6900,292,0,5100.0,4588.818683219022,42.08700003800914,6876.785599975847,4299.828767123287
1776695204,20,,Aggregated,2.300000,0.000000,5200,5600,5700,5900,6200,6400,6600,6700,6900,6900,6900,294,0,5100.0,4594.352617687197,42.08700003800914,6876.785599975847,4303.908163265306
1776695205,20,,Aggregated,2.300000,0.000000,5200,5600,5700,5900,6200,6400,6600,6700,6900,6900,6900,297,0,5200.0,4602.807105387371,42.08700003800914,6876.785599975847,4309.93265993266
1776695206,20,,Aggregated,2.200000,0.000000,5200,5600,5800,5900,6200,6400,6600,6700,6900,6900,6900,302,0,5200.0,4629.662428808126,42.08700003800914,6876.785599975847,4319.748344370861
1776695207,20,,Aggregated,2.600000,0.000000,5200,5600,5700,5900,6200,6400,6600,6700,6900,6900,6900,307,0,5200.0,4639.304185016551,42.08700003800914,6876.785599975847,4329.241042345277
1776695208,20,,Aggregated,3.000000,0.000000,5200,5600,5700,5900,6200,6400,6600,6700,6900,6900,6900,311,0,5200.0,4639.921691961747,42.08700003800914,6876.785599975847,4336.6205787781355
1776695209,20,,Aggregated,3.000000,0.000000,5200,5600,5700,5900,6200,6400,6600,6700,6900,6900,6900,311,0,5200.0,4639.921691961747,42.08700003800914,6876.785599975847,4336.6205787781355
1776695210,20,,Aggregated,2.900000,0.000000,5200,5600,5700,5900,6200,6400,6600,6700,6900,6900,6900,314,0,5200.0,4639.19808025506,42.08700003800914,6876.785599975847,4342.022292993631
1776695211,20,,Aggregated,2.900000,0.000000,5200,5500,5700,5900,6200,6400,6600,6700,6900,6900,6900,316,0,5100.0,4637.879792088975,42.08700003800914,6876.785599975847,4345.56329113924
1776695212,20,,Aggregated,2.900000,0.000000,5200,5500,5700,5900,6200,6400,6600,6700,6900,6900,6900,316,0,5100.0,4637.879792088975,42.08700003800914,6876.785599975847,4345.56329113924
1776695213,20,,Aggregated,2.700000,0.000000,5200,5500,5700,5900,6200,6400,6600,6700,6900,6900,6900,318,0,5100.0,4641.4202408809815,42.08700003800914,6876.785599975847,4349.03144654088
1776695214,20,,Aggregated,2.500000,0.000000,5200,5600,5700,5900,6200,6400,6600,6700,6900,6900,6900,322,0,5200.0,4657.0676310564195,42.08700003800914,6876.785599975847,4355.931677018633
1776695215,20,,Aggregated,2.600000,0.000000,5200,5600,5800,5900,6200,6400,6600,6700,6900,6900,6900,330,0,5200.0,4684.698256061264,42.08700003800914,6876.785599975847,4369.203030303031
1776695216,20,,Aggregated,2.600000,0.000000,5200,5600,5800,5900,6200,6400,6600,6700,6900,6900,6900,332,0,5200.0,4685.580993374158,42.08700003800914,6876.785599975847,4372.391566265061
1776695217,20,,Aggregated,3.100000,0.000000,5200,5600,5800,5900,6200,6400,6600,6700,6900,6900,6900,336,0,5200.0,4677.733137203004,42.08700003800914,6876.785599975847,4378.702380952381
1776695218,20,,Aggregated,3.000000,0.000000,5200,5600,5700,5900,6200,6400,6600,6700,6900,6900,6900,337,0,5200.0,4673.298605045135,42.08700003800914,6876.785599975847,4380.237388724036
1776695219,20,,Aggregated,3.000000,0.000000,5200,5600,5700,5900,6200,6400,6600,6700,6900,6900,6900,338,0,5200.0,4671.759153550943,42.08700003800914,6876.785599975847,4381.7692307692305
1776695220,20,,Aggregated,3.000000,0.000000,5200,5600,5700,5900,6200,6400,6600,6700,6900,6900,6900,338,0,5200.0,4671.759153550943,42.08700003800914,6876.785599975847,4381.7692307692305
1776695221,20,,Aggregated,2.700000,0.000000,5200,5600,5700,5900,6200,6400,6600,6700,6900,6900,6900,341,0,5200.0,4678.150224340827,42.08700003800914,6876.785599975847,4386.340175953079
1776695222,20,,Aggregated,2.700000,0.000000,5200,5500,5700,5900,6200,6400,6600,6700,6900,6900,6900,343,0,5200.0,4681.231857143558,42.08700003800914,6876.785599975847,4389.381924198251
1776695223,20,,Aggregated,2.300000,0.000000,5200,5600,5800,5900,6200,6400,6600,6700,6900,6900,6900,349,0,5200.0,4700.136222063536,42.08700003800914,6876.785599975847,4398.212034383954
